{
  "task": "math",
  "reference": "qwen2.5-7b",
  "teachers": [
    "r1-distill-qwen-32b",
    "qwen2.5-14b",
    "r1-distill-llama-8b"
  ],
  "students": [
    "ctrlA_base",
    "ctrlC_ref",
    "ctrlInst_qwen",
    "ctrlLlama_r1",
    "suspect"
  ],
  "provenance_types": [
    "ctrlA_base",
    "ctrlC_ref",
    "ctrlInst_qwen",
    "ctrlLlama_r1",
    "suspect"
  ],
  "surplus": {
    "ctrlA_base": {
      "r1-distill-qwen-32b": -0.1711324115943899,
      "qwen2.5-14b": -0.03824239488619047,
      "r1-distill-llama-8b": -0.23370282952421892
    },
    "ctrlC_ref": {
      "r1-distill-qwen-32b": 0.25533019464090284,
      "qwen2.5-14b": 0.11262176453515865,
      "r1-distill-llama-8b": -0.0198371368979649
    },
    "ctrlInst_qwen": {
      "r1-distill-qwen-32b": -0.17016136773227625,
      "qwen2.5-14b": -0.022544998294469275,
      "r1-distill-llama-8b": -0.23726828669197794
    },
    "ctrlLlama_r1": {
      "r1-distill-qwen-32b": 0.20579349742893227,
      "qwen2.5-14b": -0.04018187694610404,
      "r1-distill-llama-8b": 0.12752166762614758
    },
    "suspect": {
      "r1-distill-qwen-32b": 0.20787189513356855,
      "qwen2.5-14b": -0.04455423896772556,
      "r1-distill-llama-8b": 0.11800414043163791
    }
  },
  "attribution": {
    "ctrlA_base": {
      "type": "ctrlA_base",
      "true": null,
      "pred_raw": "qwen2.5-14b",
      "pred_centered": "qwen2.5-14b",
      "pred_loo": "qwen2.5-14b",
      "pred_nondistilled_pool": "qwen2.5-14b",
      "raw": {
        "r1-distill-qwen-32b": -0.1711324115943899,
        "qwen2.5-14b": -0.03824239488619047,
        "r1-distill-llama-8b": -0.23370282952421892
      },
      "centered": {
        "r1-distill-qwen-32b": -0.23667277316973742,
        "qwen2.5-14b": -0.03166204597432433,
        "r1-distill-llama-8b": -0.18464634051294365
      },
      "correct_raw": null,
      "correct_centered": null,
      "correct_loo": null
    },
    "ctrlC_ref": {
      "type": "ctrlC_ref",
      "true": null,
      "pred_raw": "r1-distill-qwen-32b",
      "pred_centered": "r1-distill-qwen-32b",
      "pred_loo": "r1-distill-qwen-32b",
      "pred_nondistilled_pool": "r1-distill-qwen-32b",
      "raw": {
        "r1-distill-qwen-32b": 0.25533019464090284,
        "qwen2.5-14b": 0.11262176453515865,
        "r1-distill-llama-8b": -0.0198371368979649
      },
      "centered": {
        "r1-distill-qwen-32b": 0.18978983306555533,
        "qwen2.5-14b": 0.11920211344702479,
        "r1-distill-llama-8b": 0.029219352113310355
      },
      "correct_raw": null,
      "correct_centered": null,
      "correct_loo": null
    },
    "ctrlInst_qwen": {
      "type": "ctrlInst_qwen",
      "true": "qwen2.5-14b",
      "pred_raw": "qwen2.5-14b",
      "pred_centered": "qwen2.5-14b",
      "pred_loo": "qwen2.5-14b",
      "pred_nondistilled_pool": "qwen2.5-14b",
      "raw": {
        "r1-distill-qwen-32b": -0.17016136773227625,
        "qwen2.5-14b": -0.022544998294469275,
        "r1-distill-llama-8b": -0.23726828669197794
      },
      "centered": {
        "r1-distill-qwen-32b": -0.23570172930762376,
        "qwen2.5-14b": -0.015964649382603138,
        "r1-distill-llama-8b": -0.18821179768070267
      },
      "correct_raw": true,
      "correct_centered": true,
      "correct_loo": true
    },
    "ctrlLlama_r1": {
      "type": "ctrlLlama_r1",
      "true": "r1-distill-llama-8b",
      "pred_raw": "r1-distill-qwen-32b",
      "pred_centered": "r1-distill-llama-8b",
      "pred_loo": "r1-distill-llama-8b",
      "pred_nondistilled_pool": "r1-distill-llama-8b",
      "raw": {
        "r1-distill-qwen-32b": 0.20579349742893227,
        "qwen2.5-14b": -0.04018187694610404,
        "r1-distill-llama-8b": 0.12752166762614758
      },
      "centered": {
        "r1-distill-qwen-32b": 0.14025313585358476,
        "qwen2.5-14b": -0.0336015280342379,
        "r1-distill-llama-8b": 0.17657815663742282
      },
      "correct_raw": false,
      "correct_centered": true,
      "correct_loo": true
    },
    "suspect": {
      "type": "suspect",
      "true": "r1-distill-qwen-32b",
      "pred_raw": "r1-distill-qwen-32b",
      "pred_centered": "r1-distill-llama-8b",
      "pred_loo": "r1-distill-llama-8b",
      "pred_nondistilled_pool": "r1-distill-llama-8b",
      "raw": {
        "r1-distill-qwen-32b": 0.20787189513356855,
        "qwen2.5-14b": -0.04455423896772556,
        "r1-distill-llama-8b": 0.11800414043163791
      },
      "centered": {
        "r1-distill-qwen-32b": 0.14233153355822104,
        "qwen2.5-14b": -0.037973890055859424,
        "r1-distill-llama-8b": 0.16706062944291317
      },
      "correct_raw": true,
      "correct_centered": false,
      "correct_loo": false
    }
  },
  "detection_strata": {
    "pooled": {
      "name": "pooled",
      "n_pos": 598,
      "n_neg": 400,
      "auroc": 0.612997491638796,
      "tpr_at_1pct_fpr": 0.0,
      "tpr_at_0.1pct_fpr": 0.0,
      "empirical_fpr_zero_threshold": 0.445,
      "perm_p_trace": 0.3561643835616438,
      "perm_B": 10000
    },
    "crossstyle_vs_cleanbase": {
      "name": "cross-style vs clean base",
      "n_pos": 398,
      "n_neg": 200,
      "auroc": 0.9717336683417085,
      "tpr_at_1pct_fpr": 0.8517587939698492,
      "tpr_at_0.1pct_fpr": 0.8040201005025126,
      "empirical_fpr_zero_threshold": 0.0,
      "perm_p_trace": 9.999000099990002e-05,
      "perm_B": 10000
    },
    "crossstyle_vs_base_humanref": {
      "name": "cross-style vs base+human-ref",
      "n_pos": 398,
      "n_neg": 400,
      "auroc": 0.7204899497487437,
      "tpr_at_1pct_fpr": 0.0,
      "tpr_at_0.1pct_fpr": 0.0,
      "empirical_fpr_zero_threshold": 0.445,
      "perm_p_trace": 9.999000099990002e-05,
      "perm_B": 10000
    },
    "samefamily": {
      "name": "same-family",
      "n_pos": 200,
      "n_neg": 400,
      "auroc": 0.3990875,
      "tpr_at_1pct_fpr": 0.0,
      "tpr_at_0.1pct_fpr": 0.0,
      "empirical_fpr_zero_threshold": 0.445,
      "perm_p_trace": 1.0,
      "perm_B": 10000
    }
  },
  "detection_student_level": {
    "n_students_per_type": {
      "ctrlA_base": 1,
      "ctrlC_ref": 1,
      "ctrlInst_qwen": 1,
      "ctrlLlama_r1": 1,
      "suspect": 1
    },
    "per_type_mean_sd": {
      "ctrlA_base": {
        "mean": -0.03824239488619047,
        "sd": 0.0,
        "n": 1
      },
      "ctrlC_ref": {
        "mean": 0.29067037469911267,
        "sd": 0.0,
        "n": 1
      },
      "ctrlInst_qwen": {
        "mean": -0.022544998294469275,
        "sd": 0.0,
        "n": 1
      },
      "ctrlLlama_r1": {
        "mean": 0.2074387810708423,
        "sd": 0.0,
        "n": 1
      },
      "suspect": {
        "mean": 0.21239781851614015,
        "sd": 0.0,
        "n": 1
      }
    },
    "n_distilled_students": 3,
    "n_nondistilled_students": 2,
    "auroc_student": 0.5,
    "separation_student": 0.00621654385770995,
    "perm_p_student": 0.6009199540022999,
    "perm_B_student": 20000
  },
  "ks_uniformity": {
    "D": 0.889999,
    "p_approx_iid": 2.5029119468316022e-138,
    "n_traces": 200,
    "note": "iid-violating (one student); report D as the effect size, not p"
  },
  "token_ratio": {
    "r1-distill-qwen-32b": {
      "median": 0.9873670212765957,
      "mean": 0.7697160875394596,
      "p05": 0.1419329535684018,
      "p95": 0.9996338784476446
    },
    "qwen2.5-14b": {
      "median": 1.0,
      "mean": 1.0,
      "p05": 1.0,
      "p95": 1.0
    },
    "r1-distill-llama-8b": {
      "median": 0.9229736580236947,
      "mean": 0.7311901370412783,
      "p05": 0.13628115842610336,
      "p95": 0.9928404615136829
    }
  },
  "matched_method": {
    "reference": "ctrlA (base-model outputs; same-base non-distilled)",
    "detection_strata": {
      "all_distilled": {
        "name": "all distilled vs human-ref",
        "n_pos": 598,
        "n_neg": 200,
        "auroc": 0.9930852842809365,
        "tpr_at_1pct_fpr": 0.8913043478260869,
        "empirical_fpr_zero_threshold": 0.0
      },