stratum,base_relative,cml,drop,label
all distilled,0.8083333333333333,0.0016666666666666668,0.8066666666666666,80.7 pp drop
cross-style,0.8083333333333333,0.0016666666666666668,0.8066666666666666,80.7 pp drop
same-family,0.8083333333333333,0.0016666666666666668,0.8066666666666666,80.7 pp drop
