tasks_num,R1-Qwen-32B,R1-Llama-8B,lower,upper,mid
1,0,0,0,0,0
2,0.052999999999999936,0.051999999999999935,0.051999999999999935,0.052999999999999936,0.052499999999999936
4,0.10899999999999999,0.10699999999999998,0.10699999999999998,0.10899999999999999,0.10799999999999998
8,0.16199999999999992,0.15400000000000003,0.15400000000000003,0.16199999999999992,0.15799999999999997
12,0.19899999999999995,0.19499999999999995,0.19499999999999995,0.19899999999999995,0.19699999999999995
16,0.22199999999999998,0.21699999999999997,0.21699999999999997,0.22199999999999998,0.21949999999999997
