stratum,method,auroc,fpr0
all distilled,base-relative,0.5304094867518993,0.8083333333333333
all distilled,CML,0.9966768575134334,0.0016666666666666668
cross-style,base-relative,0.7291826522101752,0.8083333333333333
cross-style,CML,0.9959730330831248,0.0016666666666666668
same-family,base-relative,0.13319444444444445,0.8083333333333333
same-family,CML,0.9980833333333333,0.0016666666666666668
