x,xend,y,yend
1.47,1.8900000000000001,0.82,0.82
3.1300000000000003,3.55,0.82,0.82
4.79,5.21,0.82,0.82
6.45,6.87,0.82,0.82
8.11,8.530000000000001,0.82,0.82
