metric,method,value,label
False accusation FPR0,base-relative,0.8083333333333333,0.808
False accusation FPR0,CML,0.0016666666666666668,0.002
Same-family AUROC,base-relative,0.13319444444444445,0.133
Same-family AUROC,CML,0.9980833333333333,0.998
MATH AUROC,base-relative,0.3461622073578595,0.346
MATH AUROC,CML,0.9930852842809365,0.993
