stratum,method,auroc,tpr1,fpr0,task,label
all distilled,CML,0.9966768575134334,0.990550305725403,0.0016666666666666668,GSM8K,0.997
cross-style,CML,0.9959730330831248,0.9866555462885738,0.0016666666666666668,GSM8K,0.996
same-family,CML,0.9980833333333333,0.9983333333333333,0.0016666666666666668,GSM8K,0.998
all distilled,CML,0.9930852842809365,0.8913043478260869,0,MATH,0.993
cross-style,CML,0.9912311557788944,0.8567839195979899,0,MATH,0.991
same-family,CML,0.996775,0.96,0,MATH,0.997
