stratum,method,auroc,tpr1,fpr0
all distilled,base-relative,0.5304094867518993,0.021122846025569762,0.8083333333333333
all distilled,CML,0.9966768575134334,0.990550305725403,0.0016666666666666668
cross-style,base-relative,0.7291826522101752,0.0316930775646372,0.8083333333333333
cross-style,CML,0.9959730330831248,0.9866555462885738,0.0016666666666666668
same-family,base-relative,0.13319444444444445,0,0.8083333333333333
same-family,CML,0.9980833333333333,0.9983333333333333,0.0016666666666666668
